14649879Y,Messenger
56813892M,Messenger
30381566S,Messenger
14828856C,TikTok
16824054Z,TikTok
89938390H,TikTok
40501746B,Reproductor Mix PRO
51129590S,Reproductor Mix PRO
28780713P,Reproductor Mix PRO
14719687D,Reproductor Mix PRO
73307151X,RadarCOVID
29395097Q,RadarCOVID
40501746B,RadarCOVID
51129590S,RadarCOVID
28780713P,RadarCOVID
29707354W,RadarCOVID
80249243N,RadarCOVID
07808872G,Shazam
35831219W,Shazam
13587656S,Shazam
72043434M,Shazam
07373919G,Shazam
73520196Y,Shazam
63312318B,Shazam
29707354W,WhatsApp
17158772J,WhatsApp
51989755A,WhatsApp
56243388Q,WhatsApp
94286534N,WhatsApp
42869600S,WhatsApp
88629715C,WhatsApp
61191262S,WhatsApp
74637256W,WhatsApp
04133661D,WhatsApp
19069572L,WhatsApp
14838013T,WhatsApp
07435894V,WhatsApp
27257797Z,PhotoPills
33396008P,PhotoPills
80249243N,PhotoPills
36903975S,PhotoPills
00804278Z,PhotoPills
45339952Y,PhotoPills
87293105D,Twitter
73307151X,Twitter
29395097Q,Twitter
93155413P,Twitter
63774917B,Twitter
82728719L,Twitter
12954416B,Twitter
81307095W,Twitter
14394525K,Twitter
11819781N,Twitter
04227807Q,Twitter
37276876V,Twitter
37128668K,Twitter
96890573Z,Twitter
17158772J,Twitter
33396008P,SnapChat
00804278Z,SnapChat
45339952Y,SnapChat
36903975S,RTNoticias
93155413P,RTNoticias
63774917B,RTNoticias
82728719L,RTNoticias
87293105D,RTNoticias